scenario_set,audit_id,status,reason,symbol,side,asset_class,notional_value,check_type,basket_name,regime,VaR_95,CVaR_95,P_loss_gt_limit,Expected_loss,Loss_std,Max_symbol_weight_after,Gross_exposure_multiple_after,Trade_ADV_fraction,Stress_label,Distribution,Stress_multiplier,Policy_name,Loss_limit,Max_VaR_95_limit,Max_CVaR_95_limit,trade_dv01,dv01_after,stress_bp,stress_loss,rules
core_examples,a83209c2,allow,All deterministic and distributional checks passed.,AAPL,BUY,equity,250000.0,,,,61221.13173061899,76656.51337320739,0.015,113.32107005461313,37309.27753230064,0.36,1.03,3.125e-05,base,normal,1.0,Core teaching policy,80000.0,75000.0,95000.0,,,,,RESTRICTED_LIST_CHECK | NOTIONAL_LIMIT_CHECK | RISK_UNIVERSE_CHECK | LONG_ONLY_CHECK | GROSS_EXPOSURE_CHECK | CONCENTRATION_CHECK | LIQUIDITY_ADV_CHECK | DISTRIBUTIONAL_VAR_CHECK | DISTRIBUTIONAL_CVAR_CHECK | TAIL_PROBABILITY_CHECK | METRIC_SANITY_CHECK
core_examples,38961cac,reject,Tail-loss probability 8.94% exceeds limit 5.00%.,TSLA,BUY,equity,800000.0,,,,98222.38549337994,122872.23617916953,0.08936,205.91994551551394,59919.13675629387,0.42,1.25,8e-05,base,normal,1.0,Core teaching policy,80000.0,75000.0,95000.0,,,,,RESTRICTED_LIST_CHECK | NOTIONAL_LIMIT_CHECK | RISK_UNIVERSE_CHECK | LONG_ONLY_CHECK | GROSS_EXPOSURE_CHECK | CONCENTRATION_CHECK | LIQUIDITY_ADV_CHECK | DISTRIBUTIONAL_VAR_CHECK | DISTRIBUTIONAL_CVAR_CHECK | TAIL_PROBABILITY_CHECK | METRIC_SANITY_CHECK
core_examples,a201c6d0,reject,"Notional $1,200,000.00 exceeds desk limit $1,000,000.00.",TSLA,BUY,equity,1200000.0,,,,,,,,,,,,,,,,,,,,,,,RESTRICTED_LIST_CHECK | NOTIONAL_LIMIT_CHECK
core_examples,7c3873c8,reject,Symbol GME is restricted.,GME,BUY,equity,50000.0,,,,,,,,,,,,,,,,,,,,,,,RESTRICTED_LIST_CHECK
core_examples,9b5f97a7,reject,Symbol SHIB is outside the approved risk universe.,SHIB,BUY,equity,10000.0,,,,,,,,,,,,,,,,,,,,,,,RESTRICTED_LIST_CHECK | NOTIONAL_LIMIT_CHECK | RISK_UNIVERSE_CHECK
core_examples,d840f403,allow,All deterministic and distributional checks passed.,TSLA,SELL,equity,200000.0,,,,45042.70339958709,56290.67423442598,0.00192,62.176780456139426,27458.328715239477,0.26,0.85,2e-05,base,normal,1.0,Core teaching policy,80000.0,75000.0,95000.0,,,,,RESTRICTED_LIST_CHECK | NOTIONAL_LIMIT_CHECK | RISK_UNIVERSE_CHECK | LONG_ONLY_CHECK | GROSS_EXPOSURE_CHECK | CONCENTRATION_CHECK | LIQUIDITY_ADV_CHECK | DISTRIBUTIONAL_VAR_CHECK | DISTRIBUTIONAL_CVAR_CHECK | TAIL_PROBABILITY_CHECK | METRIC_SANITY_CHECK
core_examples,59936ead,reject,Tail-loss probability 6.51% exceeds limit 5.00%.,NVDA,BUY,equity,700000.0,,,,86701.61296522015,108484.43351554504,0.06512,196.7459521084003,52969.81463409339,0.36,1.21,5.833333333333333e-05,base,normal,1.0,Core teaching policy,80000.0,75000.0,95000.0,,,,,RESTRICTED_LIST_CHECK | NOTIONAL_LIMIT_CHECK | RISK_UNIVERSE_CHECK | LONG_ONLY_CHECK | GROSS_EXPOSURE_CHECK | CONCENTRATION_CHECK | LIQUIDITY_ADV_CHECK | DISTRIBUTIONAL_VAR_CHECK | DISTRIBUTIONAL_CVAR_CHECK | TAIL_PROBABILITY_CHECK | METRIC_SANITY_CHECK
mock_llm_examples,a744b182,allow,All deterministic and distributional checks passed.,AAPL,BUY,equity,250000.0,,,,61221.13173061899,76656.51337320739,0.015,113.32107005461313,37309.27753230064,0.36,1.03,3.125e-05,base,normal,1.0,Core teaching policy,80000.0,75000.0,95000.0,,,,,RESTRICTED_LIST_CHECK | NOTIONAL_LIMIT_CHECK | RISK_UNIVERSE_CHECK | LONG_ONLY_CHECK | GROSS_EXPOSURE_CHECK | CONCENTRATION_CHECK | LIQUIDITY_ADV_CHECK | DISTRIBUTIONAL_VAR_CHECK | DISTRIBUTIONAL_CVAR_CHECK | TAIL_PROBABILITY_CHECK | METRIC_SANITY_CHECK
mock_llm_examples,d60208fa,reject,Tail-loss probability 8.94% exceeds limit 5.00%.,TSLA,BUY,equity,800000.0,,,,98222.38549337994,122872.23617916953,0.08936,205.91994551551394,59919.13675629387,0.42,1.25,8e-05,base,normal,1.0,Core teaching policy,80000.0,75000.0,95000.0,,,,,RESTRICTED_LIST_CHECK | NOTIONAL_LIMIT_CHECK | RISK_UNIVERSE_CHECK | LONG_ONLY_CHECK | GROSS_EXPOSURE_CHECK | CONCENTRATION_CHECK | LIQUIDITY_ADV_CHECK | DISTRIBUTIONAL_VAR_CHECK | DISTRIBUTIONAL_CVAR_CHECK | TAIL_PROBABILITY_CHECK | METRIC_SANITY_CHECK
mock_llm_examples,ce676454,reject,Symbol GME is restricted.,GME,BUY,equity,50000.0,,,,,,,,,,,,,,,,,,,,,,,RESTRICTED_LIST_CHECK
mock_llm_examples,b7ed2e04,allow,All deterministic and distributional checks passed.,TSLA,SELL,equity,200000.0,,,,45042.70339958709,56290.67423442598,0.00192,62.176780456139426,27458.328715239477,0.26,0.85,2e-05,base,normal,1.0,Core teaching policy,80000.0,75000.0,95000.0,,,,,RESTRICTED_LIST_CHECK | NOTIONAL_LIMIT_CHECK | RISK_UNIVERSE_CHECK | LONG_ONLY_CHECK | GROSS_EXPOSURE_CHECK | CONCENTRATION_CHECK | LIQUIDITY_ADV_CHECK | DISTRIBUTIONAL_VAR_CHECK | DISTRIBUTIONAL_CVAR_CHECK | TAIL_PROBABILITY_CHECK | METRIC_SANITY_CHECK
mock_llm_examples,f984373d,reject,Symbol UNKNOWN is outside the approved risk universe.,UNKNOWN,BUY,equity,0.0,,,,,,,,,,,,,,,,,,,,,,,RESTRICTED_LIST_CHECK | NOTIONAL_LIMIT_CHECK | RISK_UNIVERSE_CHECK
soft_escalation_policy,658d3819,escalate,"CVaR 95% $122,872.24 exceeds limit $95,000.00.",TSLA,BUY,equity,800000.0,,,,98222.38549337994,122872.23617916953,0.00604,205.91994551551394,59919.13675629387,0.42,1.25,8e-05,base,normal,1.0,PM override policy,150000.0,75000.0,95000.0,,,,,RESTRICTED_LIST_CHECK | NOTIONAL_LIMIT_CHECK | RISK_UNIVERSE_CHECK | LONG_ONLY_CHECK | GROSS_EXPOSURE_CHECK | CONCENTRATION_CHECK | LIQUIDITY_ADV_CHECK | DISTRIBUTIONAL_VAR_CHECK | DISTRIBUTIONAL_CVAR_CHECK | TAIL_PROBABILITY_CHECK | METRIC_SANITY_CHECK
institutional_checks,b9965373,reject,Single-symbol exposure 50.00% exceeds limit 45.00%.,AAPL,BUY,equity,600000.0,concentration,,,,,,,,,,,,,,,,,,,,,,RESTRICTED_LIST_CHECK | NOTIONAL_LIMIT_CHECK | RISK_UNIVERSE_CHECK | LONG_ONLY_CHECK | GROSS_EXPOSURE_CHECK | CONCENTRATION_CHECK
institutional_checks,864c28d2,reject,"SELL TSLA would take TSLA exposure to $-250,000 under a long-only policy.",TSLA,SELL,equity,500000.0,long_only,,,,,,,,,,,,,,,,,,,,,,RESTRICTED_LIST_CHECK | NOTIONAL_LIMIT_CHECK | RISK_UNIVERSE_CHECK | LONG_ONLY_CHECK
institutional_checks,83796949,escalate,"Trade consumes 25.00% of ADV, above limit 15.00%.",HY_CDS,BUY,cds,500000.0,liquidity,,,,,,,,,,,,,,,,,,,,,,RESTRICTED_LIST_CHECK | NOTIONAL_LIMIT_CHECK | RISK_UNIVERSE_CHECK | LONG_ONLY_CHECK | GROSS_EXPOSURE_CHECK | CONCENTRATION_CHECK | LIQUIDITY_ADV_CHECK
institutional_checks,9d9e2491,reject,Gross exposure multiple 1.73 exceeds limit 1.60.,TLT,BUY,etf,2000000.0,gross_exposure,,,,,,,,,,,,,,,,,,,,,,RESTRICTED_LIST_CHECK | NOTIONAL_LIMIT_CHECK | RISK_UNIVERSE_CHECK | LONG_ONLY_CHECK | GROSS_EXPOSURE_CHECK
buy_vs_sell,cd3db6c4,reject,Tail-loss probability 8.94% exceeds limit 5.00%.,TSLA,BUY,equity,800000.0,,,,98222.38549337994,122872.23617916953,0.08936,205.91994551551394,59919.13675629387,0.42,1.25,8e-05,base,normal,1.0,Core teaching policy,80000.0,75000.0,95000.0,,,,,RESTRICTED_LIST_CHECK | NOTIONAL_LIMIT_CHECK | RISK_UNIVERSE_CHECK | LONG_ONLY_CHECK | GROSS_EXPOSURE_CHECK | CONCENTRATION_CHECK | LIQUIDITY_ADV_CHECK | DISTRIBUTIONAL_VAR_CHECK | DISTRIBUTIONAL_CVAR_CHECK | TAIL_PROBABILITY_CHECK | METRIC_SANITY_CHECK
buy_vs_sell,5bd0cfc6,allow,All deterministic and distributional checks passed.,TSLA,SELL,equity,200000.0,,,,45042.70339958709,56290.67423442598,0.00192,62.176780456139426,27458.328715239477,0.26,0.85,2e-05,base,normal,1.0,Core teaching policy,80000.0,75000.0,95000.0,,,,,RESTRICTED_LIST_CHECK | NOTIONAL_LIMIT_CHECK | RISK_UNIVERSE_CHECK | LONG_ONLY_CHECK | GROSS_EXPOSURE_CHECK | CONCENTRATION_CHECK | LIQUIDITY_ADV_CHECK | DISTRIBUTIONAL_VAR_CHECK | DISTRIBUTIONAL_CVAR_CHECK | TAIL_PROBABILITY_CHECK | METRIC_SANITY_CHECK
option_delta,6b0ca518,reject,Tail-loss probability 5.36% exceeds limit 5.00%.,NVDA,BUY,equity,600000.0,,,,81685.4260788162,102283.87597624962,0.0536,181.6287323026309,49921.39274381829,0.32,1.17,5e-05,base,normal,1.0,Core teaching policy,80000.0,75000.0,95000.0,,,,,RESTRICTED_LIST_CHECK | NOTIONAL_LIMIT_CHECK | RISK_UNIVERSE_CHECK | LONG_ONLY_CHECK | GROSS_EXPOSURE_CHECK | CONCENTRATION_CHECK | LIQUIDITY_ADV_CHECK | DISTRIBUTIONAL_VAR_CHECK | DISTRIBUTIONAL_CVAR_CHECK | TAIL_PROBABILITY_CHECK | METRIC_SANITY_CHECK
option_delta,abf324bd,allow,All deterministic and distributional checks passed.,NVDA,BUY,option,600000.0,,,,61965.74998138196,77483.26383108586,0.01636,118.13640911839933,37743.23621225366,0.26,1.002,5e-05,base,normal,1.0,Core teaching policy,80000.0,75000.0,95000.0,,,,,RESTRICTED_LIST_CHECK | NOTIONAL_LIMIT_CHECK | RISK_UNIVERSE_CHECK | LONG_ONLY_CHECK | GROSS_EXPOSURE_CHECK | CONCENTRATION_CHECK | LIQUIDITY_ADV_CHECK | DISTRIBUTIONAL_VAR_CHECK | DISTRIBUTIONAL_CVAR_CHECK | TAIL_PROBABILITY_CHECK | METRIC_SANITY_CHECK
multi_asset_examples,4ed725f7,allow,All deterministic and distributional checks passed.,EURUSD,BUY,fx,750000.0,,,,54788.77939493444,68792.46558942006,0.00796,96.88850082687047,33570.698276305506,0.34,1.23,1.25e-05,base,normal,1.0,Core teaching policy,80000.0,75000.0,95000.0,,,,,RESTRICTED_LIST_CHECK | NOTIONAL_LIMIT_CHECK | RISK_UNIVERSE_CHECK | LONG_ONLY_CHECK | GROSS_EXPOSURE_CHECK | CONCENTRATION_CHECK | LIQUIDITY_ADV_CHECK | DISTRIBUTIONAL_VAR_CHECK | DISTRIBUTIONAL_CVAR_CHECK | TAIL_PROBABILITY_CHECK | METRIC_SANITY_CHECK
multi_asset_examples,7a69a1e0,allow,All deterministic and distributional checks passed.,HY_CDS,BUY,cds,300000.0,,,,51858.733358793994,65030.01225818477,0.00588,88.08942576251725,31652.559929006893,0.26,0.97,0.012,base,normal,1.0,Core teaching policy,80000.0,75000.0,95000.0,,,,,RESTRICTED_LIST_CHECK | NOTIONAL_LIMIT_CHECK | RISK_UNIVERSE_CHECK | LONG_ONLY_CHECK | GROSS_EXPOSURE_CHECK | CONCENTRATION_CHECK | LIQUIDITY_ADV_CHECK | DISTRIBUTIONAL_VAR_CHECK | DISTRIBUTIONAL_CVAR_CHECK | TAIL_PROBABILITY_CHECK | METRIC_SANITY_CHECK
multi_asset_examples,89184f10,allow,All deterministic and distributional checks passed.,US10Y,BUY,risk_factor,400000.0,,,,53917.90513664419,67868.56127850206,0.00744,123.19006079114314,32998.65313623229,0.26,1.09,0.0001,base,normal,1.0,Core teaching policy,80000.0,75000.0,95000.0,,,,,RESTRICTED_LIST_CHECK | NOTIONAL_LIMIT_CHECK | RISK_UNIVERSE_CHECK | LONG_ONLY_CHECK | GROSS_EXPOSURE_CHECK | CONCENTRATION_CHECK | LIQUIDITY_ADV_CHECK | DISTRIBUTIONAL_VAR_CHECK | DISTRIBUTIONAL_CVAR_CHECK | TAIL_PROBABILITY_CHECK | METRIC_SANITY_CHECK
multi_asset_examples,3c4214ba,allow,All deterministic and distributional checks passed.,OIL,BUY,commodity,600000.0,,,,64847.16149208365,81046.99730999672,0.02016,96.95024606942535,39534.68545144556,0.27,1.17,0.0006,base,normal,1.0,Core teaching policy,80000.0,75000.0,95000.0,,,,,RESTRICTED_LIST_CHECK | NOTIONAL_LIMIT_CHECK | RISK_UNIVERSE_CHECK | LONG_ONLY_CHECK | GROSS_EXPOSURE_CHECK | CONCENTRATION_CHECK | LIQUIDITY_ADV_CHECK | DISTRIBUTIONAL_VAR_CHECK | DISTRIBUTIONAL_CVAR_CHECK | TAIL_PROBABILITY_CHECK | METRIC_SANITY_CHECK
basket_rebalance,b6eacb1b,allow,All deterministic and distributional checks passed.,TSLA,SELL,equity,150000.0,,Risk-balanced rebalance basket,,47163.47652758653,59007.25537327757,0.00296,69.36393870910813,28762.568851199558,0.26,0.87,1.5e-05,base,normal,1.0,Core teaching policy,80000.0,75000.0,95000.0,,,,,RESTRICTED_LIST_CHECK | NOTIONAL_LIMIT_CHECK | RISK_UNIVERSE_CHECK | LONG_ONLY_CHECK | GROSS_EXPOSURE_CHECK | CONCENTRATION_CHECK | LIQUIDITY_ADV_CHECK | DISTRIBUTIONAL_VAR_CHECK | DISTRIBUTIONAL_CVAR_CHECK | TAIL_PROBABILITY_CHECK | METRIC_SANITY_CHECK
basket_rebalance,4d88376f,allow,All deterministic and distributional checks passed.,TLT,BUY,etf,200000.0,,Risk-balanced rebalance basket,,46936.80342130428,58674.845202124976,0.00272,64.62821288363729,28636.554731542994,0.26,0.95,0.0001,base,normal,1.0,Core teaching policy,80000.0,75000.0,95000.0,,,,,RESTRICTED_LIST_CHECK | NOTIONAL_LIMIT_CHECK | RISK_UNIVERSE_CHECK | LONG_ONLY_CHECK | GROSS_EXPOSURE_CHECK | CONCENTRATION_CHECK | LIQUIDITY_ADV_CHECK | DISTRIBUTIONAL_VAR_CHECK | DISTRIBUTIONAL_CVAR_CHECK | TAIL_PROBABILITY_CHECK | METRIC_SANITY_CHECK
basket_rebalance,5e959597,allow,All deterministic and distributional checks passed.,MSFT,BUY,equity,100000.0,,Risk-balanced rebalance basket,,49269.281175187316,61528.425575077534,0.00384,55.03424504600983,30030.081153128456,0.26,0.99,1.6666666666666667e-05,base,normal,1.0,Core teaching policy,80000.0,75000.0,95000.0,,,,,RESTRICTED_LIST_CHECK | NOTIONAL_LIMIT_CHECK | RISK_UNIVERSE_CHECK | LONG_ONLY_CHECK | GROSS_EXPOSURE_CHECK | CONCENTRATION_CHECK | LIQUIDITY_ADV_CHECK | DISTRIBUTIONAL_VAR_CHECK | DISTRIBUTIONAL_CVAR_CHECK | TAIL_PROBABILITY_CHECK | METRIC_SANITY_CHECK
basket_rebalance,ff805ab3,allow,All deterministic and distributional checks passed.,HY_CDS,BUY,cds,100000.0,,Risk-balanced rebalance basket,,48485.92562545635,60569.9417863147,0.00332,54.08891581084417,29557.32248710833,0.26,0.95,0.004,base,normal,1.0,Core teaching policy,80000.0,75000.0,95000.0,,,,,RESTRICTED_LIST_CHECK | NOTIONAL_LIMIT_CHECK | RISK_UNIVERSE_CHECK | LONG_ONLY_CHECK | GROSS_EXPOSURE_CHECK | CONCENTRATION_CHECK | LIQUIDITY_ADV_CHECK | DISTRIBUTIONAL_VAR_CHECK | DISTRIBUTIONAL_CVAR_CHECK | TAIL_PROBABILITY_CHECK | METRIC_SANITY_CHECK
stress_regimes,ab5ef61e,allow,All deterministic and distributional checks passed.,AAPL,BUY,equity,250000.0,,,normal_covariance,61492.204186969946,77329.93647181524,0.01649,75.3399123410553,37475.97524948759,0.36,1.03,3.125e-05,normal_covariance,normal,1.0,Core teaching policy,80000.0,75000.0,95000.0,,,,,RESTRICTED_LIST_CHECK | NOTIONAL_LIMIT_CHECK | RISK_UNIVERSE_CHECK | LONG_ONLY_CHECK | GROSS_EXPOSURE_CHECK | CONCENTRATION_CHECK | LIQUIDITY_ADV_CHECK | DISTRIBUTIONAL_VAR_CHECK | DISTRIBUTIONAL_CVAR_CHECK | TAIL_PROBABILITY_CHECK | METRIC_SANITY_CHECK
stress_regimes,757c7f1c,reject,Tail-loss probability 14.31% exceeds limit 5.00%.,AAPL,BUY,equity,250000.0,,,crisis_4x_covariance,122984.40837393989,154659.87294363047,0.14308,150.6798246821106,74951.95049897517,0.36,1.03,3.125e-05,crisis_4x_covariance,normal,4.0,Core teaching policy,80000.0,75000.0,95000.0,,,,,RESTRICTED_LIST_CHECK | NOTIONAL_LIMIT_CHECK | RISK_UNIVERSE_CHECK | LONG_ONLY_CHECK | GROSS_EXPOSURE_CHECK | CONCENTRATION_CHECK | LIQUIDITY_ADV_CHECK | DISTRIBUTIONAL_VAR_CHECK | DISTRIBUTIONAL_CVAR_CHECK | TAIL_PROBABILITY_CHECK | METRIC_SANITY_CHECK
stress_regimes,bae0b4db,allow,All deterministic and distributional checks passed.,AAPL,BUY,equity,250000.0,,,student_t_df4,56782.31386705143,84835.80307702784,0.01931,18.49628904846957,37677.25839661207,0.36,1.03,3.125e-05,student_t_df4,student_t,1.0,Core teaching policy,80000.0,75000.0,95000.0,,,,,RESTRICTED_LIST_CHECK | NOTIONAL_LIMIT_CHECK | RISK_UNIVERSE_CHECK | LONG_ONLY_CHECK | GROSS_EXPOSURE_CHECK | CONCENTRATION_CHECK | LIQUIDITY_ADV_CHECK | DISTRIBUTIONAL_VAR_CHECK | DISTRIBUTIONAL_CVAR_CHECK | TAIL_PROBABILITY_CHECK | METRIC_SANITY_CHECK
schema_validation,,schema_reject,Input should be greater than or equal to 0,AAPL,,,,,,,,,,,,,,,,,,,,,,,,,,
schema_validation,,schema_reject,Input should be 'BUY' or 'SELL',AAPL,,,,,,,,,,,,,,,,,,,,,,,,,,
schema_validation,,schema_reject,Extra inputs are not permitted,AAPL,,,,,,,,,,,,,,,,,,,,,,,,,,
schema_validation,,state_reject,"Value error, Covariance matrix column count must match number of symbols.",portfolio_state,,,,,,,,,,,,,,,,,,,,,,,,,,
dv01_checks,,allow,DV01 and stress-loss checks passed.,US10Y,,,20000000.0,,,,,,,,,,,,,,,,,,,18000.0,30000.0,25.0,750000.0,
dv01_checks,,escalate,"Absolute DV01 $67,000 exceeds escalation threshold $50,000.",US10Y,,,50000000.0,,,,,,,,,,,,,,,,,,,55000.0,67000.0,25.0,1675000.0,
